title,price,detail
흥생농장 반숙란40구 촉촉한 부드러운 반숙계란,"19,900원","['형태 : 반숙', '달걀크기 : 대란', '색상별 : 갈색란', '수정여부 : 무정란', '사육환경 : 개선케이지']"
[행복담기] 편의점 촉촉한 반숙란 찐 반숙계란 동의반숙란 20구,"10,900원","['식품품질인증 : HACCP', '형태 : 반숙', '달걀크기 : 대란', '색상별 : 갈색란', '수정여부 : 무정란', '개수 : 20구']"
짜지않고 촉촉한 저염 반숙란 40구 국내산 반숙계란,"23,900원","['식품품질인증 : HACCP', '형태 : 반숙', '달걀크기 : 대란', '색상별 : 갈색란', '수정여부 : 무정란', '사육환경 : 기존케이지']"
짜지않고 촉촉한 저염 반숙란 20구 국내산 반숙계란,"10,900원","['친환경인증 : 무항생제축산물', '식품품질인증 : HACCP', '형태 : 반숙', '달걀크기 : 중란', '색상별 : 갈색란']"
국내산 무항생제 반숙란 20구 30구 아산맑은 계림농장 삶은 달걀 반숙 계란 다이어트,"10,800원","['친환경인증 : 무항생제축산물', '형태 : 반숙', '달걀크기 : 중란', '색상별 : 갈색란']"
프레시잉 건강하고 신선한 맥반석계란 반숙란 훈제계란 깐계란 구운란 구운계란 30구 60구,"8,500원","['식품품질인증 : HACCP', '형태 : 완숙', '달걀크기 : 대란', '색상별 : 갈색란', '수정여부 : 무정란', '사육환경 : 기존케이지']"
꼬꼬 반숙란 한판(30구) / 반숙계란 영양간식,"13,900원",[]
계림농장 무항생제 구운계란 구운란 훈제란 반숙란 30구,"9,900원","['친환경인증 : 무항생제축산물', '형태 : 완숙', '달걀크기 : 대란', '색상별 : 갈색란']"
"호유란 30개입, 짜지않고 촉촉한 반숙계란 반숙란","15,900원",[]
반숙란 대란 30구(1판)  /프리미엄 계림농장,"11,090원",[]
자연애찬 반숙란3입,"1,980원",[]
반숙란 10개입 500g,"5,980원",[]
"[호유란]20개(2개입X10개), 짜지않고 촉촉한 반숙계란 반숙란 축산/계란","13,900원",[]
계림농장 아산맑은 반숙란 30개입,"11,900원","['친환경인증 : 무항생제축산물', '식품품질인증 : HACCP', '형태 : 반숙', '색상별 : 갈색란']"
[HACCP] 소금간이 쏙 베인 촉촉한 반숙란 (30구),"15,900원",[]
[에코백증정] 미니언즈 반숙란 20구+구운란 20구+에코백,"23,900원","['식품품질인증 : HACCP', '형태 : 반숙', '달걀크기 : 대란', '색상별 : 갈색란', '수정여부 : 무정란', '사육환경 : 개선케이지', '개수 : 40구']"
[미니언즈] 반숙란 반숙계란 8구 + 구운란 구운계란 8구 + 계란케이스 2개,"16,900원","['식품품질인증 : HACCP', '달걀크기 : 대란', '색상별 : 갈색란', '수정여부 : 무정란', '개수 : 8구구']"
무항생제 HACCP 인증 구운계란 구운란 반숙란,"8,700원",[]
HACCP인증 맥반석 훈제 구운란 구운계란 반숙란 삶은계란,"11,900원","['식품품질인증 : HACCP', '형태 : 완숙', '달걀크기 : 중란', '색상별 : 갈색란', '수정여부 : 무정란', '사육환경 : 개선케이지']"
[계림농장] 반숙란 30개입 + 훈제란 30개입,"25,400원",[]
HACCP인증 삶은계란 반숙란 반숙계란 대란 30구,"15,900원","['식품품질인증 : HACCP', '형태 : 반숙', '달걀크기 : 대란', '색상별 : 갈색란', '수정여부 : 무정란', '사육환경 : 개선케이지']"
HACCP인증 삶은계란 반숙란 반숙계란 대란 20구,"13,900원","['식품품질인증 : HACCP', '형태 : 반숙', '달걀크기 : 대란', '색상별 : 갈색란', '수정여부 : 무정란', '사육환경 : 개선케이지']"
계림농장 대란 구운란 훈제란 반숙란 30구 60구 90구 골라담기,"10,500원",[]
HACCP인증 구운계란 대란 20구 + 반숙란 대란 20구,"25,900원","['식품품질인증 : HACCP', '달걀크기 : 대란', '색상별 : 갈색란', '수정여부 : 무정란', '사육환경 : 개선케이지']"
HACCP인증 삶은계란 반숙란 반숙계란 대란 40구,"26,900원","['식품품질인증 : HACCP', '형태 : 반숙', '달걀크기 : 대란', '색상별 : 갈색란', '수정여부 : 무정란', '사육환경 : 개선케이지']"
[온도씨]하루한알 쫄깃한 구운란 vs 촉촉한 반숙란,"12,870원",[]
구운란 대란 20구 + 반숙란 20구 / 구운계란 반숙계란,"19,640원",[]
구운란(중란) 20구 + 반숙란 20구 / 구운계란 반숙계란,"20,490원",[]
촉촉한 반숙란 20구 / 대란 HACCP 반숙계란,"12,250원",[]
구운란(중란) 20구 + 반숙란 20구 / 구운계란 반숙계란,"19,640원",[]
[지투지샵]반숙란(60알),"33,370원",[]
[지투지샵] 반숙란(60알),"33,730원",[]
[지투지샵]반숙란(30알),"18,330원",[]
반숙란(60알),"34,790원",[]
반숙란(30알),"18,720원",[]
탱글탱글 반숙란(대란) 20구 (2판),"23,400원",[]
찬란 구운란  (대란)30구1판 + 반숙란(대란)30구1판,"28,900원",[]
탱글탱글 반숙란(대란) 20구 (1판),"13,630원",[]
탱글탱글 반숙란(대란) 20구 (2판),"24,410원",[]
탱글탱글 반숙란(대란) 20구 (2판),"23,660원",[]
탱글탱글 반숙란(대란) 20구 (1판),"12,650원",[]
탱글탱글 반숙란(대란) 20구 (1판),"15,190원",[]
탱글탱글 반숙란(대란) 20구 (2판),"25,250원",[]
탱글탱글 반숙란(대란) 20구 (2판),"25,760원",[]
탱글탱글 반숙란(대란) 20구 (1판),"14,670원",[]
구운란(중란) 20구+반숙란(대란) 20구,"20,900원",[]
구운란(중란) 30구+반숙란(대란) 30구,"23,900원",[]
HACCP인증 반숙란(대란) 20구/1판,"12,500원",[]
HACCP인증 반숙란(대란) 20구/2판,"22,900원",[]
HACCP인증 반숙란(대란) 30구/2판,"26,900원",[]
